peak_index,wavenumber,absorbance
43,2066.3872206499536,0.0011430607950641703
51,2050.968959100716,0.0005186204337119557
93,1970.0230859672163,0.00016821582650548145
121,1916.0591705448833,0.0018104484679779473
133,1892.931778221026,0.0011693104353059786
142,1875.5862339781334,0.0011955955224273243
